{
  "step":{
    "0":295,
    "1":591,
    "2":887,
    "3":1183,
    "4":1479,
    "5":1775,
    "6":2071,
    "7":2367,
    "8":2663,
    "9":2959,
    "10":3255,
    "11":3551,
    "12":3847,
    "13":4143,
    "14":4439,
    "15":4440
  },
  "test_acc":{
    "0":null,
    "1":null,
    "2":null,
    "3":null,
    "4":null,
    "5":null,
    "6":null,
    "7":null,
    "8":null,
    "9":null,
    "10":null,
    "11":null,
    "12":null,
    "13":null,
    "14":null,
    "15":0.9877777696
  },
  "test_loss":{
    "0":null,
    "1":null,
    "2":null,
    "3":null,
    "4":null,
    "5":null,
    "6":null,
    "7":null,
    "8":null,
    "9":null,
    "10":null,
    "11":null,
    "12":null,
    "13":null,
    "14":null,
    "15":0.0483272336
  },
  "train_acc":{
    "0":0.4574074149,
    "1":0.9227513075,
    "2":0.9523280263,
    "3":0.9628042579,
    "4":0.9698412418,
    "5":0.9764550328,
    "6":0.9790475965,
    "7":0.9800000191,
    "8":0.9864550233,
    "9":0.9878836274,
    "10":0.9919576645,
    "11":0.9950793386,
    "12":0.9956613779,
    "13":0.9968783259,
    "14":0.9971428514,
    "15":null
  },
  "train_loss":{
    "0":1.7096904516,
    "1":0.2471026629,
    "2":0.1455367953,
    "3":0.1163167953,
    "4":0.0955930501,
    "5":0.0721873492,
    "6":0.0638707802,
    "7":0.0579073839,
    "8":0.0411607549,
    "9":0.0359646566,
    "10":0.0249416698,
    "11":0.0151656326,
    "12":0.0135729741,
    "13":0.0088924188,
    "14":0.009623412,
    "15":null
  },
  "val_acc":{
    "0":0.8894444704,
    "1":0.9642592669,
    "2":0.9724074006,
    "3":0.9648148417,
    "4":0.9696296453,
    "5":0.9733333588,
    "6":0.9764814973,
    "7":0.9811111093,
    "8":0.9851852059,
    "9":0.9838888645,
    "10":0.9862962961,
    "11":0.9855555296,
    "12":0.9870370626,
    "13":0.9851852059,
    "14":0.9864814878,
    "15":null
  },
  "val_loss":{
    "0":0.4487547576,
    "1":0.1158300191,
    "2":0.092589885,
    "3":0.1002481431,
    "4":0.0917965397,
    "5":0.0726281703,
    "6":0.067525059,
    "7":0.0605726279,
    "8":0.0479885004,
    "9":0.0498613156,
    "10":0.0453449376,
    "11":0.0446665958,
    "12":0.0424757637,
    "13":0.0437515005,
    "14":0.0417144597,
    "15":null
  }
}